{
  "CPU Usage": {
    "User": 0.0220615,
    "System": 0.0342352,
    "Idle": 99.9437
  }
}
